SettlementPoint,Year,HourlyVolatility
HB_HOUSTON,2016,16.00816055039889
HB_HOUSTON,2017,15.499466040388285
HB_PAN,2019,204.4006879271839
HB_WEST,2018,76.2020056594796
